TimeSeries ID,job/data_watermark_age.dataflow_job.ALIGN_MAX.REDUCE_NONE.resource.type="dataflow_job" metric.type="dataflow.googleapis.com/job/data_watermark_age" resource.labels.project_id="qwiklabs-gcp-00-b39a901195d0".job_name:streaming-taxi-pipeline.project_id:qwiklabs-gcp-00-b39a901195d0.region:us-central1.job_id:2023-08-05_13_56_17-5205157885614282028
job_id,2023-08-05_13_56_17-5205157885614282028
job_name,streaming-taxi-pipeline
region,us-central1
project_id,qwiklabs-gcp-00-b39a901195d0
1691269200000,39
1691269260000,39
1691269320000,38
1691269380000,38
1691269440000,37
1691269500000,37